[
    {
        "id": "6825ea1c56d02",
        "name": " boAt Rockerz 255 ANC, 100Hrs Battery,Spatial Audio, ANC (~32dB), Fast Charge(10Mins=24HRS),3Mics AIENx,13mm Drivers, Bluetooth in Ear Neckband, Wireless with Mic Earphones (Raven Black)   ",
        "color": "",
        "size": "",
        "storage": "",
        "selling_price": "99",
        "mrp": "9999",
        "fetaures": "",
        "img1": "product-details\/img\/product\/61XhqA34YFL._SL1500_.jpg",
        "img2": "product-details\/img\/product\/71yGYe6n1hL._SL1500_.jpg",
        "img3": "product-details\/img\/product\/71KPvmaRYaL._SL1500_.jpg",
        "img4": "product-details\/img\/product\/61MEcE-VryL._SL1500_.jpg",
        "img5": "product-details\/img\/product\/71KPvmaRYaL._SL1500_ (1).jpg",
        "disp_order": "0",
        "from_csv": 0,
        "verients": null
    },
    {
        "id": "6825ea6d576a3",
        "name": "Noise Newly Launched Halo 2 Smartwatch 1.43  ",
        "color": "",
        "size": "",
        "storage": "",
        "selling_price": "99",
        "mrp": "5999",
        "fetaures": "",
        "img1": "product-details\/img\/product\/71vAhd-63UL._SL1500_.jpg",
        "img2": "product-details\/img\/product\/71nMbil+9vL._SL1500_.jpg",
        "img3": "product-details\/img\/product\/71zKLet9GXL._SL1500_.jpg",
        "img4": "product-details\/img\/product\/71YLi1SqGGL._SL1500_.jpg",
        "img5": "",
        "disp_order": "0",
        "from_csv": 0,
        "verients": null
    },
    {
        "id": "6825eaa47c000",
        "name": " boAt Aavante Bar Azure Pro, 550 W Sound, 5.1CH with Wireless Rear Satellite Speakers, EQ Modes, BTv5.4,Multiple Ports, Master Remote, Bluetooth Sound Bar, Home Theatre Soundbar Speaker (Premium Black) ",
        "color": "",
        "size": "",
        "storage": "",
        "selling_price": "99",
        "mrp": "5999",
        "fetaures": "",
        "img1": "product-details\/img\/product\/71wgVCYkZVL._SL1500_.jpg",
        "img2": "product-details\/img\/product\/71asPnD1qZL._SL1500_.jpg",
        "img3": "product-details\/img\/product\/71asPnD1qZL._SL1500_.jpg",
        "img4": "product-details\/img\/product\/71O5aNC9Q9L._SL1500_.jpg",
        "img5": "product-details\/img\/product\/71EbabId-WL._SL1500_.jpg",
        "disp_order": "0",
        "from_csv": 0,
        "verients": null
    },
    {
        "id": "6825eb124377b",
        "name": " Noise Airwave Bluetooth in Ear Neckband with 50H of Playtime, 3 EQ Modes, ENC for Calling, Low Latency(Upto 50ms), 10mm Driver, BT v5.3(Jet Black) ",
        "color": "",
        "size": "",
        "storage": "",
        "selling_price": "99",
        "mrp": "2995",
        "fetaures": "",
        "img1": "product-details\/img\/product\/51ZQTJ2HmKL._SL1500_.jpg",
        "img2": "product-details\/img\/product\/61U723YdkpL._SL1500_.jpg",
        "img3": "product-details\/img\/product\/61o2r7tkkfL._SL1500_.jpg",
        "img4": "product-details\/img\/product\/61CCrDulenL._SL1500_.jpg",
        "img5": "product-details\/img\/product\/61e0QlATLDL._SL1500_.jpg",
        "disp_order": "0",
        "from_csv": 0,
        "verients": null
    },
    {
        "id": "6825eb8ca760c",
        "name": " Oneplus Bullets Z2 Bluetooth Wireless in Ear Earphones with Mic, Bombastic Bass - 12.4 mm Drivers, 10 Mins Charge - 20 Hrs Music, 30 Hrs Battery Life, IP55 Dust and Water Resistant   ",
        "color": "",
        "size": "",
        "storage": "",
        "selling_price": "99",
        "mrp": "1999",
        "fetaures": "",
        "img1": "product-details\/img\/product\/5171kgKguGL._SL1500_.jpg",
        "img2": "product-details\/img\/product\/51ZWE9W53fL._SL1500_.jpg",
        "img3": "product-details\/img\/product\/51ZWE9W53fL._SL1500_.jpg",
        "img4": "product-details\/img\/product\/71WTqE8FijL._SL1500_.jpg",
        "img5": "",
        "disp_order": "0",
        "from_csv": 0,
        "verients": null
    },
    {
        "id": "6825ebc12f299",
        "name": "     KENT Supreme RO Water Purifier | .0001 Micron RO Membran | RO + UF + TDS Control + UV LED Tank | 8L | 20 LPH | Ideal for Borewell\/Tanker\/Municipal Water | Largest Service Network ",
        "color": "",
        "size": "",
        "storage": "",
        "selling_price": "99",
        "mrp": "9999",
        "fetaures": "",
        "img1": "product-details\/img\/product\/51ICtMHR0rL._SL1000_.jpg",
        "img2": "product-details\/img\/product\/61qqckdLogL._SL1000_.jpg",
        "img3": "product-details\/img\/product\/61hn321pWvL._SL1000_.jpg",
        "img4": "product-details\/img\/product\/6193NIRkL-L._SL1000_.jpg",
        "img5": "product-details\/img\/product\/51PJlh5BXVL._SL1000_.jpg",
        "disp_order": "0",
        "from_csv": 0,
        "verients": null
    },
    {
        "id": "6825ec0c4d5da",
        "name": " Luxuraa Home Mini Table Fan 3 Mode Cooler (White)   ",
        "color": "",
        "size": "",
        "storage": "",
        "selling_price": "99",
        "mrp": "1299",
        "fetaures": "",
        "img1": "product-details\/img\/product\/61rlOXdhbuL._AC_UF1000,1000_QL80_FMwebp_.jpg",
        "img2": "product-details\/img\/product\/71RDKR-PJ0L._AC_UF1000,1000_QL80_FMwebp_.jpg",
        "img3": "product-details\/img\/product\/61vkUnyF6aL._AC_UF1000,1000_QL80_FMwebp_.jpg",
        "img4": "product-details\/img\/product\/61GEYbuAuaL._AC_UF1000,1000_QL80_FMwebp_.jpg",
        "img5": "product-details\/img\/product\/Portable-Mini-Evaporative-Cooler-7-SDL963146316-3-9bdd4.jpg",
        "disp_order": "0",
        "from_csv": 0,
        "verients": null
    },
    {
        "id": "68261c2c13d53",
        "name": "Boult Audio UFO Truly Wireless in Ear Earbuds with 48H Playtime, Built-in App Support, 45ms Low Latency Gaming, 4 Mics ENC, Breathing LEDs, 13mm Bass Drivers Ear Buds TWS, Made in India",
        "color": "",
        "size": "",
        "storage": "",
        "selling_price": "99",
        "mrp": "5999",
        "fetaures": "",
        "img1": "product-details\/img\/product\/71aBAPCVc8L._SL1500_.jpg",
        "img2": "product-details\/img\/product\/81S+AlEgnpL._SL1500_.jpg",
        "img3": "product-details\/img\/product\/71RZBYBP+FL._SL1500_.jpg",
        "img4": "product-details\/img\/product\/71jIdjALHFL._SL1500_.jpg",
        "img5": "product-details\/img\/product\/81BnpuKPiXL._SL1500_.jpg",
        "disp_order": "0",
        "from_csv": 0,
        "verients": null
    },
    {
        "id": "68261d56b69b9",
        "name": " Tribit StormBox Blast Bluetooth Party Speaker,Portable Speaker 90W Loud Stereo Sound with XBass LED Light Show Bluetooth 5.3,IPX7 Waterproof Speaker, TWS,Custom EQ,30H Playtime for Outdoor  ",
        "color": "",
        "size": "",
        "storage": "",
        "selling_price": "99",
        "mrp": "14999",
        "fetaures": "",
        "img1": "product-details\/img\/product\/71TZxMHhYaL._SL1500_.jpg",
        "img2": "product-details\/img\/product\/81Zi7Zu07iL._SL1500_.jpg",
        "img3": "product-details\/img\/product\/7192Sm2TQAL._SL1500_.jpg",
        "img4": "product-details\/img\/product\/71XpNncMFWL._SL1500_.jpg",
        "img5": "product-details\/img\/product\/81bmSgngKFL._SL1500_.jpg",
        "disp_order": "0",
        "from_csv": 0,
        "verients": null
    },
    {
        "id": "68261d8d06e3b",
        "name": "JBL Flip 6 Wireless Portable Bluetooth Speaker Pro Sound, Upto 12 Hours Playtime, IP67 Water &amp; Dustproof, PartyBoost &amp; Personalization App (Without Mic, Black) ",
        "color": "",
        "size": "",
        "storage": "",
        "selling_price": "99",
        "mrp": "9999",
        "fetaures": "",
        "img1": "product-details\/img\/product\/71zDU8JBLZL._SL1500_.jpg",
        "img2": "product-details\/img\/product\/71jQB0zFE7L._SL1500_.jpg",
        "img3": "product-details\/img\/product\/818iq71kL+L._SL1500_.jpg",
        "img4": "product-details\/img\/product\/71RhoHQ1KoL._SL1500_.jpg",
        "img5": "product-details\/img\/product\/718AKobknDL._SL1500_.jpg",
        "disp_order": "0",
        "from_csv": 0,
        "verients": null
    },
    {
        "id": "68261dd8a4ff5",
        "name": "             EKSA E900Pro Gaming Wired Over Ear Headphones with Virtual 7.1 Surround Sound, Noise Cancelling with Mic &amp; Led, Compatible with PC, PS4, PS5, Xbox One  ",
        "color": "",
        "size": "",
        "storage": "",
        "selling_price": "99",
        "mrp": "5999",
        "fetaures": "",
        "img1": "product-details\/img\/product\/71Mmswrrn+L._SL1500_.jpg",
        "img2": "product-details\/img\/product\/71oA+YLALML._SL1500_.jpg",
        "img3": "product-details\/img\/product\/71eJl2EHOLS._SL1500_.jpg",
        "img4": "product-details\/img\/product\/61khM5ngFYS._SL1500_.jpg",
        "img5": "product-details\/img\/product\/61LDUxgBcRL._SL1500_.jpg",
        "disp_order": "0",
        "from_csv": 0,
        "verients": null
    },
    {
        "id": "68261e49962c1",
        "name": "  Boult Audio Z40 True Wireless in Ear Earbuds with 60H Playtime, Zen\u2122 ENC Mic, Low Latency Gaming, Type-C Fast Charging, Made in India, 10mm Rich Bass Drivers, IPX5, Bluetooth 5.3 Ear Buds TWS (White) ",
        "color": "",
        "size": "",
        "storage": "",
        "selling_price": "99",
        "mrp": "1199",
        "fetaures": "",
        "img1": "product-details\/img\/product\/81r4-kfrAvL._SL1500_.jpg",
        "img2": "product-details\/img\/product\/81L0b-YbkSL._SL1500_.jpg",
        "img3": "product-details\/img\/product\/81mHag1ENbL._SL1500_.jpg",
        "img4": "product-details\/img\/product\/81DSGWEFeVL._SL1500_.jpg",
        "img5": "product-details\/img\/product\/91d+7s8BUVL._SL1500_.jpg",
        "disp_order": "0",
        "from_csv": 0,
        "verients": null
    },
    {
        "id": "68261e82c4f0a",
        "name": " Noise Newly Launched Halo 2 Smartwatch 1.43    ",
        "color": "",
        "size": "",
        "storage": "",
        "selling_price": "99",
        "mrp": "5999",
        "fetaures": "",
        "img1": "product-details\/img\/product\/71vAhd-63UL._SL1500_.jpg",
        "img2": "product-details\/img\/product\/71nMbil+9vL._SL1500_.jpg",
        "img3": "product-details\/img\/product\/71zKLet9GXL._SL1500_.jpg",
        "img4": "product-details\/img\/product\/71YLi1SqGGL._SL1500_.jpg",
        "img5": "",
        "disp_order": "0",
        "from_csv": 0,
        "verients": null
    },
    {
        "id": "68261eb6a8a22",
        "name": " OnePlus Buds 3 in Ear TWS Bluetooth Earbuds with Upto 49dB Smart Adaptive Noise Cancellation,Hi-Res Sound Quality,Sliding Volume Control,10mins for 7Hours Fast Charging with Upto 44Hrs Playback(Gray)    ",
        "color": "",
        "size": "",
        "storage": "",
        "selling_price": "99",
        "mrp": "6499",
        "fetaures": "",
        "img1": "product-details\/img\/product\/51h7CQTRJ1L._SL1500_.jpg",
        "img2": "product-details\/img\/product\/518JdWAXvJL._SL1500_.jpg",
        "img3": "product-details\/img\/product\/61XHerhMdaL._SL1500_.jpg",
        "img4": "product-details\/img\/product\/71fXx1fB5BL._SL1500_.jpg",
        "img5": "product-details\/img\/product\/41EpveO7uQL._SL1500_.jpg",
        "disp_order": "0",
        "from_csv": 0,
        "verients": null
    },
    {
        "id": "68261f0dba539",
        "name": " Boult Z60 Truly Wireless in Ear Earbuds with 60H Playtime, Zen\u2122 ENC Mic, 50ms Low Latency, 13mm Bass Drivers, Type-C Fast Charging, Made in India, BT V5.3, Touch Control, IPX5 Ear Buds (Powder Blue) ",
        "color": "",
        "size": "",
        "storage": "",
        "selling_price": "99",
        "mrp": "999",
        "fetaures": "",
        "img1": "product-details\/img\/product\/61ev0qhPNAL._SL1500_.jpg",
        "img2": "product-details\/img\/product\/81iqW8XmSeL._SL1500_.jpg",
        "img3": "product-details\/img\/product\/81sAN3ODCXL._SL1500_.jpg",
        "img4": "product-details\/img\/product\/81yxKQSXFJL._SL1500_.jpg",
        "img5": "product-details\/img\/product\/819N77vrfzL._SL1500_.jpg",
        "disp_order": "0",
        "from_csv": 0,
        "verients": null
    },
    {
        "id": "68261f4287260",
        "name": "Prestige Magic plus Toughened Glass-Top 3 Brass Burner  LPG Gas Stove (GTMP-03) |  Black Spill Proof Design |  Ergonomic Knob |  Tri-Pin Burner ",
        "color": "",
        "size": "",
        "storage": "",
        "selling_price": "99",
        "mrp": "5699",
        "fetaures": "",
        "img1": "product-details\/img\/product\/711VAhePuML._AC_UF894,1000_QL80_FMwebp_.jpg",
        "img2": "product-details\/img\/product\/61AT+rOL9IL._AC_UF894,1000_QL80_FMwebp_.jpg",
        "img3": "product-details\/img\/product\/61K1LAi+0aL._AC_UF894,1000_QL80_FMwebp_.jpg",
        "img4": "product-details\/img\/product\/51G8TOfCGOL._AC_UF894,1000_QL80_FMwebp_.jpg",
        "img5": "product-details\/img\/product\/61IUi-tlehL._AC_UF894,1000_QL80_FMwebp_.jpg",
        "disp_order": "0",
        "from_csv": 0,
        "verients": null
    },
    {
        "id": "68261f7a3313f",
        "name": "             Orient Electric Apex-FX 1200mm Ceiling Fan for Home| BEE Star Rated Energy Efficient Fan| Rust Resistant | Strong and Powerful Motor | 2 Years Warranty by Orient     ",
        "color": "",
        "size": "",
        "storage": "",
        "selling_price": "99",
        "mrp": "6999",
        "fetaures": "",
        "img1": "product-details\/img\/product\/61CwkCxvECL._SL1500_.jpg",
        "img2": "product-details\/img\/product\/71s5CvJ1pEL._SL1500_.jpg",
        "img3": "product-details\/img\/product\/71nKxrYX35L._SL1500_.jpg",
        "img4": "product-details\/img\/product\/81GG3RcpjML._SL1500_.jpg",
        "img5": "product-details\/img\/product\/71OHAtmFQSL._SL1500_.jpg",
        "disp_order": "0",
        "from_csv": 0,
        "verients": null
    },
    {
        "id": "68261faf7a586",
        "name": " Samsung 370 W 3.1 ch (HW-B650D\/XL) Dolby Soundbar, Center Firing Speakers, Surround Sound Expansion, DTS Virtual:X, Bluetooth, HDMI, Optical in (Black)     ",
        "color": "",
        "size": "",
        "storage": "",
        "selling_price": "99",
        "mrp": "39999",
        "fetaures": "",
        "img1": "product-details\/img\/product\/41QhWiCJsCL._SL1500_.jpg",
        "img2": "product-details\/img\/product\/713oHF1e2aL._SL1500_.jpg",
        "img3": "product-details\/img\/product\/51Y0p--NTiL._SL1500_.jpg",
        "img4": "product-details\/img\/product\/51Y0p--NTiL._SL1500_.jpg",
        "img5": "",
        "disp_order": "0",
        "from_csv": 0,
        "verients": null
    },
    {
        "id": "682620162050b",
        "name": " Xiaomi Power Bank 4i 20000mAh 33W Super Fast Charging PD | Power Delivery | QC 3.0|Type C Input &amp; Output |Triple Output Ports|Classic Black|Supports Android,Apple, Tablets, Earbuds, Watches etc (MI)  ",
        "color": "",
        "size": "",
        "storage": "",
        "selling_price": "99",
        "mrp": "1499",
        "fetaures": "",
        "img1": "product-details\/img\/product\/419OMyMyL-L._SL1100_.jpg",
        "img2": "product-details\/img\/product\/615WrSMpnHL._SL1500_.jpg",
        "img3": "product-details\/img\/product\/61EKFEqQ6JL._SL1500_.jpg",
        "img4": "product-details\/img\/product\/71IlQ9m83oL._SL1500_.jpg",
        "img5": "product-details\/img\/product\/71rV145jvgL._SL1500_.jpg",
        "disp_order": "0",
        "from_csv": 0,
        "verients": null
    },
    {
        "id": "6826204962b50",
        "name": "  Bajaj PX97 Torque New 36L Personal Air Cooler For Home | High Speed Fan | 30Ft Powerful Air Throw | Inverter Compatible | Cooler For Room | 3 Yrs (1 Yr Standard + 2 Yrs Extended) Warranty  ",
        "color": "",
        "size": "",
        "storage": "",
        "selling_price": "99",
        "mrp": "21500",
        "fetaures": "",
        "img1": "product-details\/img\/product\/61Juyv14Y0L._SL1500_.jpg",
        "img2": "product-details\/img\/product\/71IywHy3XhL._SL1500_.jpg",
        "img3": "product-details\/img\/product\/71NA8UtqfSL._SL1500_.jpg",
        "img4": "product-details\/img\/product\/71+q91+ZHeL._SL1500_.jpg",
        "img5": "product-details\/img\/product\/71kLItLwByL._SL1500_.jpg",
        "disp_order": "0",
        "from_csv": 0,
        "verients": null
    },
    {
        "id": "6826207faff62",
        "name": "HyperX Cloud Stinger 2 Core Gaming Headset PS, 3.5mm Wired Connection, 40mm Sound Drivers, Lightweight, Over-Ear, Swivel-to-Mute mic, PlayStation-Licensed, Soft Foam Ear Cushion, White, 275g, 6H9B5AA  ",
        "color": "",
        "size": "",
        "storage": "",
        "selling_price": "99",
        "mrp": "7499",
        "fetaures": "",
        "img1": "product-details\/img\/product\/61GywIq-pwL._SL1500_ (1).jpg",
        "img2": "product-details\/img\/product\/61jCoKtxY4L._SL1500_.jpg",
        "img3": "product-details\/img\/product\/71J0fBUd3+L._SL1500_.jpg",
        "img4": "product-details\/img\/product\/710xpchjicL._SL1500_.jpg",
        "img5": "product-details\/img\/product\/71w1KKiuhML._SL1500_.jpg",
        "disp_order": "0",
        "from_csv": 0,
        "verients": null
    },
    {
        "id": "682620af5b418",
        "name": "realme Buds T110 Bluetooth Truly Wireless in Ear Earbuds with mic, AI ENC for Calls, Google Fast Pair, 38 Hours Total Playback with Fast Charging and Low Latency Gaming Mode (Punk Black) Amazon's Choice for    ",
        "color": "",
        "size": "",
        "storage": "",
        "selling_price": "99",
        "mrp": "3900",
        "fetaures": "",
        "img1": "product-details\/img\/product\/61LKTD-YnrL._SL1500_.jpg",
        "img2": "product-details\/img\/product\/71NWzx5s4aL._SL1500_.jpg",
        "img3": "product-details\/img\/product\/71lbFdQbp1L._SL1500_.jpg",
        "img4": "product-details\/img\/product\/61Bo+WaKl6L._SL1500_.jpg",
        "img5": "product-details\/img\/product\/71NWzx5s4aL._SL1500_ (1).jpg",
        "disp_order": "0",
        "from_csv": 0,
        "verients": null
    },
    {
        "id": "68262100b7419",
        "name": " boAt Lunar Discovery w\/ 1.39 ",
        "color": "",
        "size": "",
        "storage": "",
        "selling_price": "99",
        "mrp": "5999",
        "fetaures": "",
        "img1": "product-details\/img\/product\/71Iit7U1S+L._SL1500_.jpg",
        "img2": "product-details\/img\/product\/81p4TemSyaL._SL1500_.jpg",
        "img3": "product-details\/img\/product\/81QIoVdvaTL._SL1500_.jpg",
        "img4": "product-details\/img\/product\/71Y-IdhhQ+L._SL1500_.jpg",
        "img5": "",
        "disp_order": "0",
        "from_csv": 0,
        "verients": null
    },
    {
        "id": "68262127a38d5",
        "name": "   Bajaj Rex Mixer Grinder 750W | 4 Mixer Jars | Mixie For Kitchen With Nutri-Pro Feature | Titan Motor-Heavy Duty Grinding | Multifunctional Blade System | 1 Yr Warranty    ",
        "color": "",
        "size": "",
        "storage": "",
        "selling_price": "99",
        "mrp": "7500",
        "fetaures": "",
        "img1": "product-details\/img\/product\/51BNv1auG3L._SL1500_.jpg",
        "img2": "product-details\/img\/product\/71brBfPvK1L._SL1500_.jpg",
        "img3": "product-details\/img\/product\/51SCJ+J971S._SL1000_.jpg",
        "img4": "product-details\/img\/product\/61zUogOb0sL._SL1500_.jpg",
        "img5": "",
        "disp_order": "0",
        "from_csv": 0,
        "verients": null
    },
    {
        "id": "682621544ff5f",
        "name": " Sony New SA-D40M2 4.1ch Home Theatre\/PC Speaker System with 100W Power Output and Powerful Subwoofer - Black  ",
        "color": "",
        "size": "",
        "storage": "",
        "selling_price": "99",
        "mrp": "9499",
        "fetaures": "",
        "img1": "product-details\/img\/product\/81cKrOHbENL._SL1500_.jpg",
        "img2": "product-details\/img\/product\/81qNw4-IMrL._SL1500_.jpg",
        "img3": "product-details\/img\/product\/813dByBC6vL._SL1500_.jpg",
        "img4": "product-details\/img\/product\/813NO90bWYL._SL1500_.jpg",
        "img5": "product-details\/img\/product\/81RREM8qTfL._SL1500_.jpg",
        "disp_order": "0",
        "from_csv": 0,
        "verients": null
    },
    {
        "id": "6826218bc88ce",
        "name": "  Prestige 3 Litres Nakshatra Plus Svachh Induction Base Inner Lid Hard Anodized Pressure Cooker | Black | Deep lid Spillage Control | Handi | Anti-Bulge Base | Sturdy Handle   ",
        "color": "",
        "size": "",
        "storage": "",
        "selling_price": "99",
        "mrp": "5700",
        "fetaures": "",
        "img1": "product-details\/img\/product\/713Kl1I0CyL._SL1500_.jpg",
        "img2": "product-details\/img\/product\/61stfFZduNL._SL1000_.jpg",
        "img3": "product-details\/img\/product\/61ZTSJHk9EL._SL1000_.jpg",
        "img4": "product-details\/img\/product\/61KhOczfHTL._SL1000_.jpg",
        "img5": "product-details\/img\/product\/61d5WlFUjUL._SL1000_.jpg",
        "disp_order": "0",
        "from_csv": 0,
        "verients": null
    },
    {
        "id": "682621b92c3d9",
        "name": " boAt Rockerz 255 ANC, 100Hrs Battery,Spatial Audio, ANC (~32dB), Fast Charge(10Mins=24HRS),3Mics AIENx,13mm Drivers, Bluetooth in Ear Neckband, Wireless with Mic Earphones (Raven Black) ",
        "color": "",
        "size": "",
        "storage": "",
        "selling_price": "99",
        "mrp": "999",
        "fetaures": "",
        "img1": "product-details\/img\/product\/61XhqA34YFL._SL1500_.jpg",
        "img2": "product-details\/img\/product\/71yGYe6n1hL._SL1500_.jpg",
        "img3": "product-details\/img\/product\/71KPvmaRYaL._SL1500_.jpg",
        "img4": "product-details\/img\/product\/71KPvmaRYaL._SL1500_ (1).jpg",
        "img5": "product-details\/img\/product\/61MEcE-VryL._SL1500_.jpg",
        "disp_order": "0",
        "from_csv": 0,
        "verients": null
    },
    {
        "id": "682621e457318",
        "name": "  Fire Boltt Gladiator Smartwatch 1.96 ",
        "color": "",
        "size": "",
        "storage": "",
        "selling_price": "99",
        "mrp": "11999",
        "fetaures": "",
        "img1": "product-details\/img\/product\/41GSn0Qg3nL.jpg",
        "img2": "product-details\/img\/product\/41uVFy6v-DL.jpg",
        "img3": "product-details\/img\/product\/41pIGK9mrIL.jpg",
        "img4": "product-details\/img\/product\/91m+DmfXROL._SL1500_.jpg",
        "img5": "product-details\/img\/product\/41wQg-LgQAL.jpg",
        "disp_order": "0",
        "from_csv": 0,
        "verients": null
    },
    {
        "id": "6826220c506ed",
        "name": " Ambrane 20000mAh Powerbank, 22.5W Fast Charging, Triple Output (2 USB &amp; 1 Type C), Power Delivery, Quick Charge for iPhone, Android &amp; Other Devices, Made in India + Type C Cable (Stylo 20, Black)   ",
        "color": "",
        "size": "",
        "storage": "",
        "selling_price": "99",
        "mrp": "2499",
        "fetaures": "",
        "img1": "product-details\/img\/product\/61aOm+odphL._SL1500_.jpg",
        "img2": "product-details\/img\/product\/7199KkHgD6L._SL1500_.jpg",
        "img3": "product-details\/img\/product\/71ce29I+z3L._SL1500_.jpg",
        "img4": "product-details\/img\/product\/81e9Almzj5L._SL1500_.jpg",
        "img5": "",
        "disp_order": "0",
        "from_csv": 0,
        "verients": null
    },
    {
        "id": "682622365092f",
        "name": " ZEBRONICS Juke BAR 9510WS PRO Dolby 5.1 Soundbar, Dolby Audio, 600 Watts, Wireless (Dual Rear Satellites &amp; 6.5  ",
        "color": "",
        "size": "",
        "storage": "",
        "selling_price": "99",
        "mrp": "13400",
        "fetaures": "",
        "img1": "product-details\/img\/product\/71eRAMvY25L._SL1500_.jpg",
        "img2": "product-details\/img\/product\/71k5eWni6xL._SL1500_.jpg",
        "img3": "product-details\/img\/product\/71Hv62AhPyL._SL1500_.jpg",
        "img4": "product-details\/img\/product\/811hqT55tiL._SL1500_.jpg",
        "img5": "product-details\/img\/product\/811hqT55tiL._SL1500_.jpg",
        "disp_order": "0",
        "from_csv": 0,
        "verients": null
    },
    {
        "id": "6826227071b3e",
        "name": " JBL Partybox 110, Wireless Bluetooth Party Speaker, 160W Monstrous Pro Sound, Dynamic Light Show, Upto 12Hrs Playtime, Built-in Powerbank, Guitar &amp; Mic Input, PartyBox App, Splashproof (Black) ",
        "color": "",
        "size": "",
        "storage": "",
        "selling_price": "99",
        "mrp": "1699",
        "fetaures": "",
        "img1": "product-details\/img\/product\/719t1jCZ7gL._SL1163_.jpg",
        "img2": "product-details\/img\/product\/71FP5KBtxWL._SL1431_.jpg",
        "img3": "product-details\/img\/product\/71BKPaxN1BL._SL1316_.jpg",
        "img4": "",
        "img5": "",
        "disp_order": "0",
        "from_csv": 0,
        "verients": null
    },
    {
        "id": "6826229be9a8d",
        "name": "  Luxuraa Home Mini Table Fan 3 Mode Cooler ",
        "color": "",
        "size": "",
        "storage": "",
        "selling_price": "99",
        "mrp": "1299",
        "fetaures": "",
        "img1": "product-details\/img\/product\/61rlOXdhbuL._AC_UF1000,1000_QL80_FMwebp_.jpg",
        "img2": "product-details\/img\/product\/71RDKR-PJ0L._AC_UF1000,1000_QL80_FMwebp_.jpg",
        "img3": "product-details\/img\/product\/61vkUnyF6aL._AC_UF1000,1000_QL80_FMwebp_.jpg",
        "img4": "product-details\/img\/product\/61GEYbuAuaL._AC_UF1000,1000_QL80_FMwebp_.jpg",
        "img5": "product-details\/img\/product\/Portable-Mini-Evaporative-Cooler-7-SDL963146316-3-9bdd4.jpg",
        "disp_order": "0",
        "from_csv": 0,
        "verients": null
    },
    {
        "id": "6826230aed68f",
        "name": "    atomberg Renesa Enzel 1200mm BLDC Ceiling Fan with Remote Control | BEE 5 star Rated Energy Efficient Ceiling Fan | High Air Delivery with LED Indicators | 1+1 Year Warranty (Gloss White)  ",
        "color": "",
        "size": "",
        "storage": "",
        "selling_price": "99",
        "mrp": "4166",
        "fetaures": "",
        "img1": "product-details\/img\/product\/1746311402_aris_contour_ritz_blue_plis_1_1_1.webp",
        "img2": "product-details\/img\/product\/1746311402_aris_contour_ritz_blue_plis_4_copy_1.webp",
        "img3": "product-details\/img\/product\/1746311402_aris_contour_ritz_blue_plis_4_1.webp",
        "img4": "product-details\/img\/product\/1746311402_aris_contour_ritz_blue_plis_7_1.webp",
        "img5": "product-details\/img\/product\/1746311402_aris_contour_ritz_blue_plis_8_1.webp",
        "disp_order": "0",
        "from_csv": 0,
        "verients": null
    },
    {
        "id": "6826248a29997",
        "name": " Luxuraa Home Mini Table Fan 3 Mode Cooler (White) ",
        "color": "",
        "size": "",
        "storage": "",
        "selling_price": "99",
        "mrp": "",
        "fetaures": "",
        "img1": "product-details\/img\/product\/Portable-Mini-Evaporative-Cooler-7-SDL963146316-1-55075.jpg",
        "img2": "product-details\/img\/product\/Portable-Mini-Evaporative-Cooler-7-SDL963146316-2-23541.png",
        "img3": "product-details\/img\/product\/Portable-Mini-Evaporative-Cooler-7-SDL963146316-3-9bdd4.jpg",
        "img4": "product-details\/img\/product\/Portable-Mini-Evaporative-Cooler-7-SDL963146316-4-4c80c.jpg",
        "img5": "",
        "disp_order": "0",
        "from_csv": 0,
        "verients": null
    }
]